{
  "accuracy": 0.9877937137625877,
  "auc": 0.7388288516878894
}